Job Description,Scale,output,flag,username,timestamp
"We are looking for a dedicated Data Scientist who can transform business challenges into data-driven machine learning solutions. This role requires a professional who can seamlessly integrate with our product teams, offering insights from complex data sources and driving the direction of our products through data-based recommendations. As a Subject Matter Expert in data science, you will play a pivotal role in shaping our analytics approach and ensuring that our decisions are backed by solid data analysis.
Requirements
Problem Solving: Convert complex business problems into data-driven machine learning solutions.
Model Development: Develop, manage, and architect machine learning and advanced analytics models to derive actionable insights.
Data Analysis: Examine data from multiple disparate sources, ensuring integrity, accuracy, and relevance.
Insight Sharing: Present findings and insights to stakeholders, aiding in data-driven decision-making processes.
Subject Matter Expertise: Act as the go-to person in the area of data science, providing guidance and expertise to other teams and stakeholders.
Product Leadership: Influence product teams by presenting data-based recommendations. Communicate the state of business, experiment results, and other relevant insights to ensure alignment with business objectives.
Technical Skills
Programming Languages: Proficiency in Python, R, or other relevant data science languages.
Machine Learning Libraries: Experience with libraries such as TensorFlow, Keras, Scikit-learn, or similar.
Data Manipulation Tools: Proficiency in using tools like Pandas, NumPy, or equivalent.",10,,,,2024-03-15 15:26:51.910333
